id,file_name,file_path,q_bright,q_dark,q_full,q_hollow,q_smooth,q_rough,q_warm,q_metallic,q_clear,q_muddy,q_thin,q_thick,q_pure,q_noisy,q_rich,q_sparse,q_soft,q_hard,description
1,guitar_synthetic_002-060-050.wav,audio_annotator/static/guitar_synthetic_002-060-050.wav,0,0,0,0,1,0,2,0,0,0,0,0,1,0,1,0,1,0,","
2,guitar_acoustic_009-060-050.wav,audio_annotator/static/guitar_acoustic_009-060-050.wav,0,0,0,0,0,0,0,0,0,0,0,0,0,0,0,0,0,0,
3,guitar_acoustic_008-060-127.wav,audio_annotator/static/guitar_acoustic_008-060-127.wav,0,1,1,0,1,0,1,0,1,0,0,1,1,0,0,0,1,0,",dull, gentle"
4,guitar_acoustic_030-060-127.wav,audio_annotator/static/guitar_acoustic_030-060-127.wav,0,0,0,1,0,0,0,0,0,0,1,0,1,0,0,1,1,0,",muted"
5,guitar_electronic_032-060-025.wav,audio_annotator/static/guitar_electronic_032-060-025.wav,2,0,1,0,1,1,0,2,1,1,1,0,1,2,1,0,0,1,"plucky,,"
6,guitar_acoustic_033-060-075.wav,audio_annotator/static/guitar_acoustic_033-060-075.wav,0,0,0,0,0,0,0,0,0,0,0,0,0,0,0,0,0,0,
7,guitar_electronic_044-060-050.wav,audio_annotator/static/guitar_electronic_044-060-050.wav,1,1,3,0,0,3,0,1,0,1,0,1,0,1,3,0,0,2,",wavery,,"
8,guitar_electronic_037-060-025.wav,audio_annotator/static/guitar_electronic_037-060-025.wav,0,0,0,0,0,0,0,0,0,0,0,0,0,0,0,0,0,0,
9,guitar_acoustic_018-060-050.wav,audio_annotator/static/guitar_acoustic_018-060-050.wav,0,0,0,0,0,0,0,0,0,0,0,0,0,0,0,0,0,0,
10,guitar_acoustic_005-060-127.wav,audio_annotator/static/guitar_acoustic_005-060-127.wav,0,0,0,0,0,0,0,0,0,0,0,0,0,0,0,0,0,0,
11,guitar_acoustic_020-060-025.wav,audio_annotator/static/guitar_acoustic_020-060-025.wav,0,0,0,0,0,0,0,0,0,0,0,0,0,0,0,0,0,0,
12,guitar_acoustic_025-060-025.wav,audio_annotator/static/guitar_acoustic_025-060-025.wav,1,0,0,0,0,0,0,1,0,0,0,0,0,0,0,0,0,1,","
13,guitar_electronic_042-060-050.wav,audio_annotator/static/guitar_electronic_042-060-050.wav,0,0,0,0,0,0,0,0,0,0,0,0,0,0,0,0,0,0,
14,guitar_acoustic_018-060-075.wav,audio_annotator/static/guitar_acoustic_018-060-075.wav,0,0,0,0,0,0,0,0,0,0,0,0,0,0,0,0,0,0,
15,guitar_electronic_039-060-025.wav,audio_annotator/static/guitar_electronic_039-060-025.wav,0,0,0,0,0,0,0,0,0,0,0,0,0,0,0,0,0,0,
16,guitar_electronic_002-060-050.wav,audio_annotator/static/guitar_electronic_002-060-050.wav,0,0,0,0,1,0,1,0,1,0,0,1,1,0,0,1,0,1,
17,guitar_acoustic_014-060-075.wav,audio_annotator/static/guitar_acoustic_014-060-075.wav,0,0,0,0,0,0,0,0,0,0,0,0,0,0,0,0,0,0,
18,guitar_electronic_040-060-050.wav,audio_annotator/static/guitar_electronic_040-060-050.wav,2,0,1,1,0,0,0,1,1,0,1,0,0,1,1,1,1,1,"wooden, round,distorted, harsh"
19,guitar_acoustic_028-060-075.wav,audio_annotator/static/guitar_acoustic_028-060-075.wav,1,0,0,0,0,0,0,1,0,0,0,0,0,0,0,0,0,1,","
20,guitar_electronic_029-060-127.wav,audio_annotator/static/guitar_electronic_029-060-127.wav,0,0,0,0,0,0,0,0,0,0,0,0,0,0,0,0,0,0,
21,guitar_synthetic_002-060-100.wav,audio_annotator/static/guitar_synthetic_002-060-100.wav,1,0,1,0,0,0,0,1,1,0,0,0,0,0,0,0,0,0,"nasal, buzzy"
22,guitar_electronic_022-060-025.wav,audio_annotator/static/guitar_electronic_022-060-025.wav,0,0,0,0,0,0,0,0,0,0,0,0,0,0,0,0,0,0,
23,guitar_electronic_024-060-050.wav,audio_annotator/static/guitar_electronic_024-060-050.wav,0,0,0,0,0,0,0,0,0,0,0,0,0,0,0,0,0,0,
24,guitar_acoustic_000-060-100.wav,audio_annotator/static/guitar_acoustic_000-060-100.wav,1,0,1,0,1,0,1,0,1,0,0,0,1,0,0,0,0,0,","
25,guitar_synthetic_001-060-127.wav,audio_annotator/static/guitar_synthetic_001-060-127.wav,0,0,0,0,0,1,0,1,0,0,0,0,0,1,0,0,0,1,
26,guitar_electronic_014-060-075.wav,audio_annotator/static/guitar_electronic_014-060-075.wav,0,0,0,0,0,0,0,0,0,0,0,0,0,0,0,0,0,0,
27,guitar_acoustic_031-060-127.wav,audio_annotator/static/guitar_acoustic_031-060-127.wav,0,0,0,0,0,0,0,0,0,0,0,0,0,0,0,0,0,0,
28,guitar_acoustic_001-060-127.wav,audio_annotator/static/guitar_acoustic_001-060-127.wav,1,0,0,1,1,0,0,1,1,0,1,0,1,0,0,1,1,0,Fast decay and thin
29,guitar_electronic_039-060-050.wav,audio_annotator/static/guitar_electronic_039-060-050.wav,0,0,0,0,0,0,0,0,0,0,0,0,0,0,0,0,0,0,
30,guitar_acoustic_017-060-127.wav,audio_annotator/static/guitar_acoustic_017-060-127.wav,0,0,0,0,0,0,0,0,0,0,0,0,0,0,0,0,0,0,
31,guitar_electronic_007-060-025.wav,audio_annotator/static/guitar_electronic_007-060-025.wav,0,1,1,0,1,0,1,0,1,0,0,1,2,0,2,0,0,0,",buzzy,"
32,guitar_electronic_019-060-100.wav,audio_annotator/static/guitar_electronic_019-060-100.wav,0,0,0,0,0,0,0,0,0,0,0,0,0,0,0,0,0,0,
33,guitar_acoustic_002-060-127.wav,audio_annotator/static/guitar_acoustic_002-060-127.wav,1,0,1,0,1,1,0,1,1,0,2,0,0,1,1,0,1,2,"Harsh,,(too short to judge)"
34,guitar_electronic_028-060-075.wav,audio_annotator/static/guitar_electronic_028-060-075.wav,1,0,0,1,1,0,0,2,1,1,1,0,0,1,1,0,0,1,"wavy and bright,"
35,guitar_electronic_042-060-100.wav,audio_annotator/static/guitar_electronic_042-060-100.wav,0,0,0,0,0,0,0,0,0,0,0,0,0,0,0,0,0,0,
36,guitar_acoustic_003-060-075.wav,audio_annotator/static/guitar_acoustic_003-060-075.wav,0,0,0,0,0,0,1,0,0,0,1,0,0,0,0,1,0,0,","
37,guitar_electronic_008-060-075.wav,audio_annotator/static/guitar_electronic_008-060-075.wav,0,0,1,0,0,1,0,1,0,1,0,1,0,1,0,0,0,1,","
38,guitar_acoustic_010-060-050.wav,audio_annotator/static/guitar_acoustic_010-060-050.wav,1,0,1,1,0,0,1,0,1,1,1,1,2,0,1,0,1,0,","
39,guitar_acoustic_015-060-127.wav,audio_annotator/static/guitar_acoustic_015-060-127.wav,1,0,0,1,0,1,0,1,0,0,1,0,0,0,0,1,0,1,",flat"
40,guitar_electronic_007-060-100.wav,audio_annotator/static/guitar_electronic_007-060-100.wav,0,0,0,0,0,0,0,0,0,0,0,0,0,0,0,0,0,0,
41,guitar_synthetic_003-060-050.wav,audio_annotator/static/guitar_synthetic_003-060-050.wav,1,0,1,0,1,0,0,0,0,0,0,0,0,0,1,0,0,0,",buzzy, bland"
42,guitar_acoustic_032-060-050.wav,audio_annotator/static/guitar_acoustic_032-060-050.wav,0,0,0,0,0,0,0,0,0,0,0,0,0,0,0,0,0,0,
43,guitar_electronic_045-060-025.wav,audio_annotator/static/guitar_electronic_045-060-025.wav,0,0,0,0,0,0,0,0,0,0,0,0,0,0,0,0,0,0,
44,guitar_synthetic_007-060-050.wav,audio_annotator/static/guitar_synthetic_007-060-050.wav,1,0,1,0,1,0,1,0,1,0,0,0,1,0,0,0,1,0,",bright"
45,guitar_electronic_039-060-100.wav,audio_annotator/static/guitar_electronic_039-060-100.wav,0,0,0,0,0,0,0,0,0,0,0,0,0,0,0,0,0,0,
46,guitar_acoustic_020-060-075.wav,audio_annotator/static/guitar_acoustic_020-060-075.wav,0,0,0,0,0,0,0,0,0,0,0,0,0,0,0,0,0,0,
47,guitar_acoustic_001-060-050.wav,audio_annotator/static/guitar_acoustic_001-060-050.wav,2,0,0,0,0,0,0,0,2,0,0,0,2,0,0,0,1,0,",clean, crisp,clean, natural"
48,guitar_acoustic_003-060-025.wav,audio_annotator/static/guitar_acoustic_003-060-025.wav,0,0,0,0,1,0,1,0,1,0,0,0,1,0,0,1,0,0,",dry, thump, plucky"
49,guitar_acoustic_015-060-075.wav,audio_annotator/static/guitar_acoustic_015-060-075.wav,0,0,0,0,0,0,0,0,0,0,0,0,0,0,0,0,0,0,
50,guitar_acoustic_022-060-050.wav,audio_annotator/static/guitar_acoustic_022-060-050.wav,0,0,0,0,0,0,0,0,0,0,0,0,0,0,0,0,0,0,
51,guitar_electronic_027-060-025.wav,audio_annotator/static/guitar_electronic_027-060-025.wav,0,1,1,0,1,0,1,0,0,0,0,1,1,0,0,1,1,0,"saturated, buzzy"
52,guitar_acoustic_011-060-127.wav,audio_annotator/static/guitar_acoustic_011-060-127.wav,0,0,0,0,1,0,1,0,1,0,0,1,0,0,0,1,0,0,nasal
53,guitar_electronic_036-060-025.wav,audio_annotator/static/guitar_electronic_036-060-025.wav,2,1,4,0,3,0,4,0,2,1,0,2,2,0,2,0,2,1,"rich and pure,distorted, glowing,"
54,guitar_acoustic_018-060-127.wav,audio_annotator/static/guitar_acoustic_018-060-127.wav,0,0,0,0,0,0,0,0,0,0,0,0,0,0,0,0,0,0,
55,guitar_synthetic_000-060-025.wav,audio_annotator/static/guitar_synthetic_000-060-025.wav,0,1,1,0,0,0,2,0,1,0,0,1,1,1,1,0,0,1,Full and plucky
56,guitar_acoustic_027-060-100.wav,audio_annotator/static/guitar_acoustic_027-060-100.wav,0,0,0,0,1,0,0,1,0,0,1,0,1,0,0,1,1,0,","
57,guitar_electronic_041-060-050.wav,audio_annotator/static/guitar_electronic_041-060-050.wav,0,0,0,0,0,0,0,0,0,0,0,0,0,0,0,0,0,0,
58,guitar_acoustic_028-060-025.wav,audio_annotator/static/guitar_acoustic_028-060-025.wav,1,1,1,0,0,0,0,2,0,1,0,1,0,0,1,0,0,1,","
59,guitar_electronic_029-060-100.wav,audio_annotator/static/guitar_electronic_029-060-100.wav,2,0,0,2,2,0,0,2,1,1,2,0,1,0,0,1,1,1,muted and metallic
60,guitar_electronic_043-060-100.wav,audio_annotator/static/guitar_electronic_043-060-100.wav,0,0,0,0,0,0,0,0,0,0,0,0,0,0,0,0,0,0,
61,guitar_synthetic_009-060-050.wav,audio_annotator/static/guitar_synthetic_009-060-050.wav,0,0,0,0,0,0,0,0,0,0,0,0,0,0,0,0,0,0,
62,guitar_electronic_021-060-025.wav,audio_annotator/static/guitar_electronic_021-060-025.wav,0,0,0,0,0,0,0,0,0,0,0,0,0,0,0,0,0,0,
63,guitar_electronic_045-060-075.wav,audio_annotator/static/guitar_electronic_045-060-075.wav,1,1,1,1,0,0,2,1,1,0,0,0,0,1,1,0,1,1,"sitar-like,,"
64,guitar_acoustic_017-060-050.wav,audio_annotator/static/guitar_acoustic_017-060-050.wav,0,0,0,0,0,0,0,0,0,0,0,0,0,0,0,0,0,0,
65,guitar_electronic_017-060-075.wav,audio_annotator/static/guitar_electronic_017-060-075.wav,2,0,1,0,3,0,1,0,3,0,2,0,3,0,0,1,1,0,",,,"
66,guitar_electronic_038-060-050.wav,audio_annotator/static/guitar_electronic_038-060-050.wav,1,0,0,1,0,1,0,1,1,0,1,0,0,1,0,1,0,1,mysterious and exotic
67,guitar_acoustic_009-060-025.wav,audio_annotator/static/guitar_acoustic_009-060-025.wav,0,1,0,1,0,1,1,0,0,1,1,0,1,0,0,1,0,1,","
68,guitar_electronic_036-060-050.wav,audio_annotator/static/guitar_electronic_036-060-050.wav,1,0,0,1,1,0,0,2,1,1,1,0,0,2,0,1,0,1,"metallic and exotic,"
69,guitar_synthetic_005-060-050.wav,audio_annotator/static/guitar_synthetic_005-060-050.wav,0,0,0,0,0,0,0,0,0,0,0,0,0,0,0,0,0,0,
70,guitar_electronic_011-060-100.wav,audio_annotator/static/guitar_electronic_011-060-100.wav,0,0,1,0,0,2,0,1,0,1,0,1,0,2,2,0,0,1,",weird,wailing, wavery, doink, harsh"
71,guitar_electronic_024-060-127.wav,audio_annotator/static/guitar_electronic_024-060-127.wav,0,0,0,0,0,0,0,0,0,0,0,0,0,0,0,0,0,0,
72,guitar_electronic_039-060-075.wav,audio_annotator/static/guitar_electronic_039-060-075.wav,0,1,1,0,1,1,1,0,0,2,0,0,0,2,1,0,1,0,",steamboat-whistle,"
73,guitar_electronic_024-060-100.wav,audio_annotator/static/guitar_electronic_024-060-100.wav,0,0,1,0,0,1,0,1,0,0,0,0,0,1,1,0,1,0,",distorted"
74,guitar_electronic_041-060-127.wav,audio_annotator/static/guitar_electronic_041-060-127.wav,1,0,0,0,0,0,0,0,0,0,0,1,0,0,0,0,0,0,",(suggest cutting the first 2 seconds)"
75,guitar_electronic_034-060-127.wav,audio_annotator/static/guitar_electronic_034-060-127.wav,0,0,0,0,0,0,0,0,0,0,0,0,0,0,0,0,0,0,
76,guitar_electronic_004-060-025.wav,audio_annotator/static/guitar_electronic_004-060-025.wav,0,0,0,0,0,0,0,0,0,0,0,0,0,0,0,0,0,0,
77,guitar_acoustic_034-060-025.wav,audio_annotator/static/guitar_acoustic_034-060-025.wav,1,1,0,1,1,1,1,1,1,1,1,1,1,1,1,0,0,1,"Plucky,"
78,guitar_acoustic_026-060-075.wav,audio_annotator/static/guitar_acoustic_026-060-075.wav,1,0,0,0,1,0,1,0,0,0,1,0,1,0,1,0,0,0,",twangy,"
79,guitar_acoustic_035-060-075.wav,audio_annotator/static/guitar_acoustic_035-060-075.wav,0,0,0,0,0,0,0,0,0,0,0,0,0,0,0,0,0,0,
80,guitar_electronic_045-060-127.wav,audio_annotator/static/guitar_electronic_045-060-127.wav,0,1,0,0,1,0,0,0,0,1,0,0,0,0,0,0,0,0,",ornamental, muted"
81,guitar_acoustic_034-060-075.wav,audio_annotator/static/guitar_acoustic_034-060-075.wav,1,0,0,0,0,1,0,1,0,1,0,1,0,0,1,0,0,0,","
82,guitar_acoustic_031-060-100.wav,audio_annotator/static/guitar_acoustic_031-060-100.wav,1,0,0,1,0,0,1,0,1,0,1,0,1,0,0,0,0,0,"wavery, funny"
83,guitar_electronic_010-060-050.wav,audio_annotator/static/guitar_electronic_010-060-050.wav,0,0,0,0,0,0,0,0,0,0,0,0,0,0,0,0,0,0,
84,guitar_acoustic_035-060-127.wav,audio_annotator/static/guitar_acoustic_035-060-127.wav,0,0,0,0,0,0,0,0,0,0,0,0,0,0,0,0,0,0,
85,guitar_electronic_045-060-100.wav,audio_annotator/static/guitar_electronic_045-060-100.wav,1,0,1,0,0,0,1,0,0,0,0,0,0,0,0,0,0,0,","
86,guitar_electronic_003-060-025.wav,audio_annotator/static/guitar_electronic_003-060-025.wav,1,0,0,0,1,0,1,0,1,0,0,0,0,0,0,0,0,0,
87,guitar_electronic_005-060-127.wav,audio_annotator/static/guitar_electronic_005-060-127.wav,0,0,0,1,0,1,0,0,0,0,1,0,0,1,0,1,0,0,",short and buzzing"
88,guitar_synthetic_012-060-075.wav,audio_annotator/static/guitar_synthetic_012-060-075.wav,0,0,0,0,0,0,0,0,0,0,0,0,0,0,0,0,0,0,
89,guitar_electronic_012-060-075.wav,audio_annotator/static/guitar_electronic_012-060-075.wav,0,0,0,0,0,0,0,0,0,1,1,0,0,1,0,0,1,0,","
90,guitar_acoustic_014-060-025.wav,audio_annotator/static/guitar_acoustic_014-060-025.wav,1,0,1,0,1,0,1,0,1,0,0,0,1,0,0,0,0,0,",nylon-like"
91,guitar_acoustic_029-060-127.wav,audio_annotator/static/guitar_acoustic_029-060-127.wav,0,0,0,0,0,0,0,0,0,0,0,0,0,0,0,0,0,0,
92,guitar_acoustic_028-060-127.wav,audio_annotator/static/guitar_acoustic_028-060-127.wav,0,0,0,0,0,0,0,0,0,0,0,0,0,0,0,0,0,0,
93,guitar_electronic_012-060-100.wav,audio_annotator/static/guitar_electronic_012-060-100.wav,0,0,1,0,0,1,0,0,0,1,0,1,0,1,1,0,1,0,",non-constant volume"
94,guitar_synthetic_002-060-025.wav,audio_annotator/static/guitar_synthetic_002-060-025.wav,0,0,0,0,0,0,0,0,0,0,0,0,0,0,0,0,0,0,
95,guitar_acoustic_033-060-050.wav,audio_annotator/static/guitar_acoustic_033-060-050.wav,0,0,0,0,0,0,0,0,0,0,0,0,0,0,0,0,0,0,
96,guitar_acoustic_011-060-075.wav,audio_annotator/static/guitar_acoustic_011-060-075.wav,1,0,0,1,0,1,0,1,1,0,3,0,1,0,0,3,2,1,",,,"
97,guitar_electronic_010-060-100.wav,audio_annotator/static/guitar_electronic_010-060-100.wav,0,0,0,0,0,0,0,0,0,0,0,0,0,0,0,0,0,0,
98,guitar_electronic_039-060-127.wav,audio_annotator/static/guitar_electronic_039-060-127.wav,0,0,0,1,0,0,0,0,0,0,1,0,1,0,0,0,1,0,","
99,guitar_electronic_032-060-050.wav,audio_annotator/static/guitar_electronic_032-060-050.wav,2,0,1,1,0,0,0,0,0,1,0,1,1,0,0,0,1,1,",organ like,"
100,guitar_acoustic_023-060-025.wav,audio_annotator/static/guitar_acoustic_023-060-025.wav,1,0,1,0,0,1,0,0,0,1,0,0,0,0,0,0,0,0,"short, percussive"
101,guitar_electronic_003-060-075.wav,audio_annotator/static/guitar_electronic_003-060-075.wav,0,0,1,0,1,0,1,0,0,1,0,1,1,0,1,0,1,0,","
102,guitar_electronic_043-060-025.wav,audio_annotator/static/guitar_electronic_043-060-025.wav,0,0,0,0,0,0,0,0,0,0,0,0,0,0,0,0,0,0,
103,guitar_acoustic_003-060-050.wav,audio_annotator/static/guitar_acoustic_003-060-050.wav,0,0,0,0,0,0,0,0,0,0,0,0,0,0,0,0,0,0,
104,guitar_synthetic_003-060-127.wav,audio_annotator/static/guitar_synthetic_003-060-127.wav,1,0,1,0,0,1,0,1,1,0,1,0,0,0,0,0,0,0,","
105,guitar_electronic_006-060-050.wav,audio_annotator/static/guitar_electronic_006-060-050.wav,0,0,0,0,0,0,0,0,0,0,0,0,0,0,0,0,0,0,
106,guitar_electronic_020-060-025.wav,audio_annotator/static/guitar_electronic_020-060-025.wav,0,0,0,0,0,0,0,0,0,0,0,0,0,0,0,0,0,0,
107,guitar_acoustic_002-060-025.wav,audio_annotator/static/guitar_acoustic_002-060-025.wav,0,0,0,0,0,0,0,0,0,0,0,0,0,0,0,0,0,0,
108,guitar_acoustic_000-060-025.wav,audio_annotator/static/guitar_acoustic_000-060-025.wav,0,0,0,0,1,0,0,0,0,0,1,0,0,0,0,0,1,0,",nasal"
109,guitar_acoustic_008-060-075.wav,audio_annotator/static/guitar_acoustic_008-060-075.wav,0,1,0,1,1,0,0,1,0,1,0,0,0,0,0,0,0,1,
110,guitar_electronic_023-060-050.wav,audio_annotator/static/guitar_electronic_023-060-050.wav,0,1,0,0,1,0,0,0,0,0,1,0,1,0,0,0,0,0,"wavery, round sitar-like"
111,guitar_acoustic_010-060-100.wav,audio_annotator/static/guitar_acoustic_010-060-100.wav,0,0,0,0,0,0,0,0,0,0,0,0,0,0,0,0,0,0,
112,guitar_acoustic_016-060-127.wav,audio_annotator/static/guitar_acoustic_016-060-127.wav,2,0,1,0,1,0,0,0,1,0,0,1,1,0,0,1,0,1,",,wavery"
113,guitar_electronic_003-060-100.wav,audio_annotator/static/guitar_electronic_003-060-100.wav,2,0,2,0,0,0,1,0,0,1,0,1,2,0,1,0,0,0,",,"
114,guitar_acoustic_005-060-100.wav,audio_annotator/static/guitar_acoustic_005-060-100.wav,0,0,0,0,0,0,1,0,0,0,0,0,0,0,0,0,1,0,","
115,guitar_synthetic_006-060-075.wav,audio_annotator/static/guitar_synthetic_006-060-075.wav,0,0,0,0,0,0,0,0,0,0,0,0,0,0,0,0,0,0,
116,guitar_acoustic_029-060-050.wav,audio_annotator/static/guitar_acoustic_029-060-050.wav,1,0,1,0,1,0,0,0,1,0,1,0,1,0,1,0,0,0,",nylon-like, twangy"
117,guitar_electronic_028-060-025.wav,audio_annotator/static/guitar_electronic_028-060-025.wav,0,1,0,0,0,1,0,1,0,1,0,1,0,1,1,0,0,1,buzzy
118,guitar_electronic_026-060-050.wav,audio_annotator/static/guitar_electronic_026-060-050.wav,0,1,0,0,0,0,0,1,0,1,0,1,0,1,1,0,0,1,"echoing, reverberating, gong-styled"
119,guitar_synthetic_003-060-075.wav,audio_annotator/static/guitar_synthetic_003-060-075.wav,0,0,0,0,0,0,0,0,0,0,0,0,0,0,0,0,0,0,
120,guitar_electronic_031-060-100.wav,audio_annotator/static/guitar_electronic_031-060-100.wav,1,0,0,0,0,0,0,0,0,0,0,0,0,0,1,0,0,0,","
121,guitar_electronic_022-060-100.wav,audio_annotator/static/guitar_electronic_022-060-100.wav,0,0,0,0,0,0,0,0,0,0,0,0,0,0,0,0,0,0,
122,guitar_acoustic_018-060-100.wav,audio_annotator/static/guitar_acoustic_018-060-100.wav,0,0,0,0,0,0,0,0,0,0,0,0,0,0,0,0,0,0,
123,guitar_electronic_040-060-127.wav,audio_annotator/static/guitar_electronic_040-060-127.wav,1,1,1,1,0,1,0,1,0,1,0,0,0,2,1,1,0,1,"wavery, thumb, muffled,heavy"
124,guitar_acoustic_007-060-050.wav,audio_annotator/static/guitar_acoustic_007-060-050.wav,0,0,0,0,0,0,0,0,0,0,0,0,0,0,0,0,0,0,
125,guitar_acoustic_002-060-075.wav,audio_annotator/static/guitar_acoustic_002-060-075.wav,1,0,0,0,0,0,0,0,0,1,0,0,0,1,0,1,0,0,",short"
126,guitar_acoustic_024-060-050.wav,audio_annotator/static/guitar_acoustic_024-060-050.wav,1,0,0,1,0,1,0,1,0,1,1,0,0,1,1,1,0,0,"dull, resonant, wavery,hammered"
127,guitar_synthetic_009-060-025.wav,audio_annotator/static/guitar_synthetic_009-060-025.wav,0,0,0,0,0,0,0,0,0,0,0,0,0,0,0,0,0,0,
128,guitar_electronic_000-060-050.wav,audio_annotator/static/guitar_electronic_000-060-050.wav,3,0,2,1,3,0,1,2,2,0,2,0,2,0,2,1,1,0,",narrow,resonant"
129,guitar_synthetic_004-060-025.wav,audio_annotator/static/guitar_synthetic_004-060-025.wav,1,0,0,0,1,0,1,0,0,0,0,0,1,0,0,0,1,0,",mellow"
130,guitar_electronic_042-060-025.wav,audio_annotator/static/guitar_electronic_042-060-025.wav,0,0,0,0,0,0,0,0,0,0,0,0,0,0,0,0,0,0,
131,guitar_acoustic_011-060-100.wav,audio_annotator/static/guitar_acoustic_011-060-100.wav,0,0,0,0,1,0,0,0,0,0,1,0,0,0,0,0,1,0,","
132,guitar_electronic_029-060-050.wav,audio_annotator/static/guitar_electronic_029-060-050.wav,0,0,0,0,1,0,0,0,1,0,0,0,1,0,1,0,0,0,",plucky"
133,guitar_acoustic_025-060-100.wav,audio_annotator/static/guitar_acoustic_025-060-100.wav,0,1,0,1,1,0,1,0,0,1,0,1,0,0,1,0,0,1,","
134,guitar_electronic_003-060-050.wav,audio_annotator/static/guitar_electronic_003-060-050.wav,0,0,0,0,1,0,1,0,1,0,0,1,0,1,0,0,0,1,
135,guitar_acoustic_010-060-075.wav,audio_annotator/static/guitar_acoustic_010-060-075.wav,0,0,0,0,0,0,0,0,0,0,0,0,0,0,0,0,0,0,
136,guitar_acoustic_025-060-050.wav,audio_annotator/static/guitar_acoustic_025-060-050.wav,2,0,1,0,0,0,0,2,0,0,1,0,0,0,1,0,0,2,",rattling,tinny"
137,guitar_acoustic_034-060-127.wav,audio_annotator/static/guitar_acoustic_034-060-127.wav,0,0,0,0,0,0,1,0,0,0,0,0,1,0,0,0,1,0,","
138,guitar_acoustic_024-060-025.wav,audio_annotator/static/guitar_acoustic_024-060-025.wav,1,0,0,0,0,0,0,1,0,1,0,1,0,0,0,0,0,0,
139,guitar_electronic_013-060-127.wav,audio_annotator/static/guitar_electronic_013-060-127.wav,0,1,0,1,1,0,0,0,1,1,0,1,1,1,1,1,1,1,"percussive, bell-like,buzzy, swelling"
140,guitar_acoustic_016-060-100.wav,audio_annotator/static/guitar_acoustic_016-060-100.wav,1,0,0,0,0,0,0,0,0,1,0,0,0,1,0,0,0,0,","
141,guitar_electronic_022-060-050.wav,audio_annotator/static/guitar_electronic_022-060-050.wav,1,0,1,1,0,1,1,1,1,1,1,1,1,0,1,2,1,1,"hard and noisy,,"
142,guitar_electronic_030-060-025.wav,audio_annotator/static/guitar_electronic_030-060-025.wav,0,0,1,0,1,0,1,0,0,0,0,1,0,0,1,0,0,0,",buzzy"
143,guitar_electronic_018-060-075.wav,audio_annotator/static/guitar_electronic_018-060-075.wav,0,0,0,0,0,0,0,0,0,0,0,0,0,0,0,0,0,0,
144,guitar_electronic_004-060-127.wav,audio_annotator/static/guitar_electronic_004-060-127.wav,1,0,0,1,0,1,0,1,0,1,0,1,0,1,0,0,0,1,",rough, loud"
145,guitar_electronic_000-060-127.wav,audio_annotator/static/guitar_electronic_000-060-127.wav,0,0,0,0,0,0,0,0,0,0,0,0,0,0,0,0,0,0,
146,guitar_electronic_007-060-127.wav,audio_annotator/static/guitar_electronic_007-060-127.wav,2,0,0,2,0,1,0,3,0,0,1,0,1,1,1,1,0,0,",whiny,,,"
147,guitar_electronic_031-060-025.wav,audio_annotator/static/guitar_electronic_031-060-025.wav,0,0,0,0,0,0,0,0,0,0,0,0,0,0,0,0,0,0,
148,guitar_acoustic_005-060-050.wav,audio_annotator/static/guitar_acoustic_005-060-050.wav,0,0,0,0,0,0,0,0,0,0,0,0,0,0,0,0,0,0,
149,guitar_acoustic_027-060-025.wav,audio_annotator/static/guitar_acoustic_027-060-025.wav,0,0,0,0,0,0,1,0,2,0,0,0,1,0,0,1,0,1,",muffled, dry,"
150,guitar_acoustic_005-060-075.wav,audio_annotator/static/guitar_acoustic_005-060-075.wav,2,0,0,0,2,0,2,0,2,0,0,0,2,0,1,0,0,0,",nylon-like, harp-like,harp-like, nylon"
151,guitar_electronic_015-060-025.wav,audio_annotator/static/guitar_electronic_015-060-025.wav,0,0,0,1,0,0,0,0,0,0,0,1,0,0,0,1,0,0,
152,guitar_electronic_028-060-050.wav,audio_annotator/static/guitar_electronic_028-060-050.wav,1,0,0,0,0,1,1,0,1,0,1,0,0,1,0,0,2,0,","
153,guitar_electronic_021-060-100.wav,audio_annotator/static/guitar_electronic_021-060-100.wav,1,0,0,1,0,0,0,1,0,1,0,1,1,0,1,0,0,0,"muffled, echoing"
154,guitar_electronic_012-060-050.wav,audio_annotator/static/guitar_electronic_012-060-050.wav,0,0,0,0,0,0,0,0,0,0,0,0,0,0,0,0,0,0,
155,guitar_acoustic_019-060-127.wav,audio_annotator/static/guitar_acoustic_019-060-127.wav,0,0,0,1,0,0,0,0,0,0,1,0,0,0,1,0,0,0,",harmonious"
156,guitar_electronic_026-060-025.wav,audio_annotator/static/guitar_electronic_026-060-025.wav,0,0,0,0,0,0,0,0,0,0,1,0,1,0,0,0,1,0,","
157,guitar_electronic_018-060-100.wav,audio_annotator/static/guitar_electronic_018-060-100.wav,0,0,0,0,0,0,0,0,0,0,0,0,0,0,0,0,0,0,
158,guitar_electronic_006-060-025.wav,audio_annotator/static/guitar_electronic_006-060-025.wav,1,0,1,0,0,1,1,0,0,1,0,1,0,1,0,1,0,1,distorted and delayed
159,guitar_electronic_041-060-100.wav,audio_annotator/static/guitar_electronic_041-060-100.wav,0,0,0,0,0,0,0,0,0,0,0,0,0,0,0,0,0,0,
160,guitar_electronic_025-060-100.wav,audio_annotator/static/guitar_electronic_025-060-100.wav,0,0,1,0,0,1,0,1,0,1,0,0,0,1,0,0,0,0,","
161,guitar_electronic_008-060-127.wav,audio_annotator/static/guitar_electronic_008-060-127.wav,0,0,0,0,0,0,0,0,0,0,0,0,0,0,0,0,0,0,
162,guitar_electronic_017-060-127.wav,audio_annotator/static/guitar_electronic_017-060-127.wav,0,0,0,0,0,0,0,0,0,0,0,0,0,0,0,0,0,0,
163,guitar_electronic_020-060-075.wav,audio_annotator/static/guitar_electronic_020-060-075.wav,0,0,1,0,2,0,2,0,0,0,0,0,1,0,1,0,1,0,",gentle,creamy"
164,guitar_synthetic_005-060-025.wav,audio_annotator/static/guitar_synthetic_005-060-025.wav,1,0,1,0,0,0,0,1,1,0,0,0,1,0,0,0,0,1,","
165,guitar_synthetic_006-060-025.wav,audio_annotator/static/guitar_synthetic_006-060-025.wav,0,0,0,0,0,0,0,0,0,0,0,0,0,0,0,0,0,0,
166,guitar_electronic_016-060-050.wav,audio_annotator/static/guitar_electronic_016-060-050.wav,0,0,0,0,0,0,0,0,0,0,0,0,0,0,0,0,0,0,
167,guitar_acoustic_033-060-025.wav,audio_annotator/static/guitar_acoustic_033-060-025.wav,1,0,1,0,0,0,1,0,0,0,0,0,0,0,1,0,0,0,","
168,guitar_electronic_001-060-025.wav,audio_annotator/static/guitar_electronic_001-060-025.wav,1,1,0,2,3,0,2,0,2,0,2,1,2,0,0,2,2,0,"nylon-like, amplified,"
169,guitar_electronic_033-060-127.wav,audio_annotator/static/guitar_electronic_033-060-127.wav,2,0,1,0,1,1,0,2,1,0,0,0,0,1,2,0,1,1,",ornamental, slurred,,"
170,guitar_electronic_026-060-100.wav,audio_annotator/static/guitar_electronic_026-060-100.wav,1,0,1,0,0,0,0,0,1,1,0,2,1,0,1,1,1,0,",,mellow"
171,guitar_electronic_006-060-075.wav,audio_annotator/static/guitar_electronic_006-060-075.wav,1,0,1,0,1,0,0,0,0,0,0,0,0,0,1,0,1,0,",distorted"
172,guitar_electronic_012-060-127.wav,audio_annotator/static/guitar_electronic_012-060-127.wav,0,0,0,0,0,0,0,0,0,0,0,0,0,0,0,0,0,0,
173,guitar_electronic_020-060-050.wav,audio_annotator/static/guitar_electronic_020-060-050.wav,1,0,0,0,0,0,0,1,0,0,0,0,0,1,0,0,0,0,
174,guitar_acoustic_031-060-025.wav,audio_annotator/static/guitar_acoustic_031-060-025.wav,0,0,0,0,0,0,0,0,0,0,0,0,0,0,0,0,0,0,
175,guitar_synthetic_001-060-050.wav,audio_annotator/static/guitar_synthetic_001-060-050.wav,0,0,0,0,0,0,0,0,0,0,1,0,0,0,0,1,1,0,",vibrating"
176,guitar_acoustic_007-060-025.wav,audio_annotator/static/guitar_acoustic_007-060-025.wav,2,0,1,0,0,1,0,1,0,2,1,0,0,2,2,0,0,1,
177,guitar_acoustic_020-060-050.wav,audio_annotator/static/guitar_acoustic_020-060-050.wav,0,1,0,1,1,0,1,0,1,0,1,1,1,0,0,2,3,0,",,"
178,guitar_electronic_027-060-127.wav,audio_annotator/static/guitar_electronic_027-060-127.wav,0,0,0,0,0,0,0,0,0,0,0,0,0,0,0,0,0,0,
179,guitar_electronic_005-060-050.wav,audio_annotator/static/guitar_electronic_005-060-050.wav,0,0,0,1,0,0,0,0,0,0,1,0,0,0,0,1,0,1,hizzy
180,guitar_synthetic_002-060-075.wav,audio_annotator/static/guitar_synthetic_002-060-075.wav,0,0,0,0,0,0,0,0,0,0,0,0,0,0,0,0,0,0,
181,guitar_acoustic_001-060-075.wav,audio_annotator/static/guitar_acoustic_001-060-075.wav,0,0,0,1,0,0,0,0,0,0,0,0,1,0,0,1,1,0,","
182,guitar_acoustic_018-060-025.wav,audio_annotator/static/guitar_acoustic_018-060-025.wav,1,0,0,0,0,0,0,0,1,0,1,0,1,0,0,0,0,0,",sharp, clean"
183,guitar_electronic_037-060-050.wav,audio_annotator/static/guitar_electronic_037-060-050.wav,2,1,3,0,1,0,2,0,3,0,1,1,1,0,1,0,1,0,"delayed and warm,twangy, wavery"
184,guitar_electronic_014-060-127.wav,audio_annotator/static/guitar_electronic_014-060-127.wav,0,0,0,1,0,0,0,0,0,1,0,0,0,1,0,0,0,1,","
185,guitar_electronic_001-060-127.wav,audio_annotator/static/guitar_electronic_001-060-127.wav,1,0,0,1,0,1,0,1,1,0,1,0,1,0,0,1,0,1,","
186,guitar_synthetic_010-060-025.wav,audio_annotator/static/guitar_synthetic_010-060-025.wav,0,0,0,0,1,0,0,0,0,0,1,0,0,0,0,0,0,1,","
187,guitar_electronic_015-060-050.wav,audio_annotator/static/guitar_electronic_015-060-050.wav,0,0,0,1,0,0,0,0,0,0,1,0,0,0,0,0,0,0,",resonant"
188,guitar_electronic_024-060-025.wav,audio_annotator/static/guitar_electronic_024-060-025.wav,1,0,1,0,0,2,0,2,0,0,0,0,0,1,2,0,0,1,","
189,guitar_electronic_012-060-025.wav,audio_annotator/static/guitar_electronic_012-060-025.wav,1,0,1,1,1,1,0,1,0,0,0,1,0,1,1,0,1,1,"distorted,"
190,guitar_acoustic_034-060-100.wav,audio_annotator/static/guitar_acoustic_034-060-100.wav,2,0,0,0,1,0,1,0,2,0,1,0,3,0,1,0,2,0,",acoustic, natural ,,"
191,guitar_acoustic_014-060-050.wav,audio_annotator/static/guitar_acoustic_014-060-050.wav,0,1,1,0,1,0,1,0,1,0,0,0,1,0,1,0,0,0,",nylon-like, amplified"
192,guitar_electronic_004-060-075.wav,audio_annotator/static/guitar_electronic_004-060-075.wav,0,0,0,0,0,0,0,0,0,0,0,0,0,0,0,0,0,0,
193,guitar_acoustic_032-060-127.wav,audio_annotator/static/guitar_acoustic_032-060-127.wav,0,0,0,0,0,0,0,0,0,0,0,0,0,0,0,0,0,0,
194,guitar_acoustic_002-060-100.wav,audio_annotator/static/guitar_acoustic_002-060-100.wav,0,0,0,0,0,0,0,0,0,0,0,0,0,0,0,0,0,0,
195,guitar_synthetic_005-060-100.wav,audio_annotator/static/guitar_synthetic_005-060-100.wav,0,1,0,0,1,0,1,0,1,0,1,0,1,1,0,0,0,0,",muted"
196,guitar_synthetic_009-060-127.wav,audio_annotator/static/guitar_synthetic_009-060-127.wav,0,0,0,0,0,0,0,0,0,0,0,0,0,0,0,0,0,0,
197,guitar_electronic_030-060-100.wav,audio_annotator/static/guitar_electronic_030-060-100.wav,1,0,0,0,0,0,0,1,0,1,0,1,1,0,1,0,0,0,horn-y
198,guitar_synthetic_009-060-075.wav,audio_annotator/static/guitar_synthetic_009-060-075.wav,0,0,0,0,0,0,0,0,0,0,0,0,0,0,0,0,0,0,
199,guitar_acoustic_013-060-025.wav,audio_annotator/static/guitar_acoustic_013-060-025.wav,0,0,0,0,0,0,0,0,0,0,0,0,0,0,0,0,0,0,
200,guitar_electronic_009-060-100.wav,audio_annotator/static/guitar_electronic_009-060-100.wav,0,0,0,0,0,0,0,0,0,0,0,0,0,0,0,0,0,0,
201,guitar_electronic_009-060-025.wav,audio_annotator/static/guitar_electronic_009-060-025.wav,0,0,0,0,0,0,0,0,0,0,0,0,0,0,0,0,0,0,
202,guitar_synthetic_001-060-100.wav,audio_annotator/static/guitar_synthetic_001-060-100.wav,0,0,0,0,0,0,0,0,0,0,0,0,0,0,0,0,0,0,
203,guitar_synthetic_004-060-127.wav,audio_annotator/static/guitar_synthetic_004-060-127.wav,0,0,0,0,0,0,0,0,0,0,0,0,0,0,0,0,0,0,
204,guitar_electronic_011-060-025.wav,audio_annotator/static/guitar_electronic_011-060-025.wav,0,1,0,0,0,0,0,0,0,1,0,0,0,1,0,0,0,0,","
205,guitar_acoustic_006-060-075.wav,audio_annotator/static/guitar_acoustic_006-060-075.wav,0,0,0,0,0,0,0,0,0,0,0,0,0,0,0,0,0,0,
206,guitar_electronic_026-060-075.wav,audio_annotator/static/guitar_electronic_026-060-075.wav,0,0,0,0,0,0,0,0,0,0,0,0,0,0,0,0,0,0,
207,guitar_electronic_014-060-100.wav,audio_annotator/static/guitar_electronic_014-060-100.wav,0,0,0,0,0,0,0,0,0,0,0,0,0,0,0,0,0,0,
208,guitar_electronic_018-060-127.wav,audio_annotator/static/guitar_electronic_018-060-127.wav,0,0,0,0,0,0,0,0,0,0,0,0,0,0,0,0,0,0,
209,guitar_electronic_041-060-075.wav,audio_annotator/static/guitar_electronic_041-060-075.wav,1,0,1,0,1,0,0,0,0,0,0,0,0,0,1,0,0,0,","
210,guitar_synthetic_006-060-127.wav,audio_annotator/static/guitar_synthetic_006-060-127.wav,0,0,0,0,0,0,0,0,0,0,0,0,0,0,0,0,0,0,
211,guitar_electronic_038-060-025.wav,audio_annotator/static/guitar_electronic_038-060-025.wav,0,0,0,0,0,0,0,0,0,0,0,0,0,0,0,0,0,0,
212,guitar_electronic_031-060-075.wav,audio_annotator/static/guitar_electronic_031-060-075.wav,0,0,0,0,0,0,1,0,0,0,0,0,1,0,0,0,0,0,",plucky"
213,guitar_electronic_020-060-127.wav,audio_annotator/static/guitar_electronic_020-060-127.wav,0,1,1,0,0,0,0,0,0,1,0,1,0,1,1,0,1,0,",muffled"
214,guitar_electronic_038-060-127.wav,audio_annotator/static/guitar_electronic_038-060-127.wav,2,0,3,0,3,0,2,0,3,0,2,1,2,0,1,0,1,0,"buzzy,nylon-like, vibrating"
215,guitar_acoustic_026-060-025.wav,audio_annotator/static/guitar_acoustic_026-060-025.wav,1,0,1,1,0,0,1,1,0,1,0,0,0,0,0,0,0,0,"buzzy,"
216,guitar_electronic_029-060-075.wav,audio_annotator/static/guitar_electronic_029-060-075.wav,0,0,0,0,0,0,0,1,0,1,0,0,0,0,0,0,0,0,
217,guitar_acoustic_006-060-025.wav,audio_annotator/static/guitar_acoustic_006-060-025.wav,1,0,1,0,0,0,0,0,1,0,0,0,0,1,1,0,0,1,",sitar-like"
218,guitar_electronic_019-060-127.wav,audio_annotator/static/guitar_electronic_019-060-127.wav,0,0,0,0,0,0,0,0,0,0,0,0,0,0,0,0,0,0,
219,guitar_acoustic_031-060-075.wav,audio_annotator/static/guitar_acoustic_031-060-075.wav,0,2,1,0,0,1,0,2,0,2,1,0,0,1,0,1,0,1,"noisy and distorted,"
220,guitar_electronic_000-060-025.wav,audio_annotator/static/guitar_electronic_000-060-025.wav,0,0,0,0,0,0,0,0,0,0,0,0,0,0,0,0,0,0,
221,guitar_electronic_021-060-050.wav,audio_annotator/static/guitar_electronic_021-060-050.wav,0,0,0,1,0,0,1,0,1,1,0,0,1,0,0,0,1,0,",explosive,"
222,guitar_synthetic_002-060-127.wav,audio_annotator/static/guitar_synthetic_002-060-127.wav,0,1,1,0,1,0,1,0,0,1,0,1,0,1,1,0,1,0,muted and soft
223,guitar_acoustic_017-060-100.wav,audio_annotator/static/guitar_acoustic_017-060-100.wav,0,1,0,0,0,0,0,0,0,1,0,0,0,1,0,0,0,0,
224,guitar_electronic_032-060-100.wav,audio_annotator/static/guitar_electronic_032-060-100.wav,1,0,0,0,0,0,0,1,0,1,0,0,0,0,1,0,0,0,","
225,guitar_electronic_004-060-050.wav,audio_annotator/static/guitar_electronic_004-060-050.wav,2,1,2,0,1,0,1,2,0,2,0,0,1,0,2,0,1,0,",muted, electric ,,"
226,guitar_acoustic_027-060-050.wav,audio_annotator/static/guitar_acoustic_027-060-050.wav,0,0,0,1,1,0,1,0,0,0,0,0,0,0,0,0,1,0,","
227,guitar_electronic_006-060-127.wav,audio_annotator/static/guitar_electronic_006-060-127.wav,1,0,0,0,0,0,0,1,0,0,0,0,1,0,0,0,0,0,","
228,guitar_acoustic_006-060-100.wav,audio_annotator/static/guitar_acoustic_006-060-100.wav,1,0,0,0,0,2,0,1,1,0,2,0,0,2,0,0,0,2,",,"
229,guitar_acoustic_000-060-075.wav,audio_annotator/static/guitar_acoustic_000-060-075.wav,0,0,1,0,2,0,1,1,1,1,2,0,3,0,0,2,2,0,"gentle,,"
230,guitar_electronic_041-060-025.wav,audio_annotator/static/guitar_electronic_041-060-025.wav,1,0,2,0,2,0,1,0,2,0,0,1,0,0,0,0,0,2,sonorous
231,guitar_electronic_043-060-075.wav,audio_annotator/static/guitar_electronic_043-060-075.wav,0,1,0,1,0,0,0,0,0,0,1,0,1,1,0,0,1,0,",ringing"
232,guitar_electronic_002-060-025.wav,audio_annotator/static/guitar_electronic_002-060-025.wav,1,0,1,0,0,1,0,1,0,1,0,0,0,1,1,0,0,1,",penetrating, sharp"
233,guitar_electronic_040-060-075.wav,audio_annotator/static/guitar_electronic_040-060-075.wav,1,0,1,0,0,1,0,1,0,1,0,0,0,1,0,0,0,0,","
234,guitar_synthetic_000-060-075.wav,audio_annotator/static/guitar_synthetic_000-060-075.wav,2,0,0,0,2,0,0,1,1,0,0,0,1,0,1,0,0,0,",nylon-like,"
235,guitar_acoustic_000-060-127.wav,audio_annotator/static/guitar_acoustic_000-060-127.wav,0,0,0,0,0,0,0,0,0,1,0,0,0,1,0,0,0,1,
236,guitar_acoustic_012-060-050.wav,audio_annotator/static/guitar_acoustic_012-060-050.wav,0,0,0,0,0,0,0,0,0,0,0,0,0,0,0,0,0,0,
237,guitar_electronic_032-060-127.wav,audio_annotator/static/guitar_electronic_032-060-127.wav,0,0,0,0,0,0,0,0,0,0,0,0,0,0,0,0,0,0,
238,guitar_acoustic_013-060-050.wav,audio_annotator/static/guitar_acoustic_013-060-050.wav,1,0,0,0,0,0,0,1,0,0,0,0,0,0,1,0,0,0,",metallic, reverberating"
239,guitar_acoustic_009-060-075.wav,audio_annotator/static/guitar_acoustic_009-060-075.wav,0,0,0,0,0,0,0,0,0,0,0,0,0,0,0,0,0,0,
240,guitar_electronic_017-060-025.wav,audio_annotator/static/guitar_electronic_017-060-025.wav,0,0,0,0,0,0,0,0,0,0,0,0,0,0,0,0,0,0,
241,guitar_acoustic_006-060-127.wav,audio_annotator/static/guitar_acoustic_006-060-127.wav,1,0,1,0,0,0,0,0,0,0,0,0,1,0,1,0,0,0,
242,guitar_acoustic_016-060-075.wav,audio_annotator/static/guitar_acoustic_016-060-075.wav,0,0,0,0,0,0,0,0,0,0,0,0,0,0,0,0,0,0,
243,guitar_electronic_023-060-100.wav,audio_annotator/static/guitar_electronic_023-060-100.wav,0,0,0,0,0,0,0,0,0,0,0,0,0,0,0,0,0,0,
244,guitar_acoustic_021-060-127.wav,audio_annotator/static/guitar_acoustic_021-060-127.wav,2,0,2,0,1,0,1,0,1,0,0,0,0,0,1,0,0,0,",,"
245,guitar_acoustic_026-060-127.wav,audio_annotator/static/guitar_acoustic_026-060-127.wav,1,0,0,0,0,0,0,2,0,0,0,0,1,0,1,0,1,0,",,"
246,guitar_synthetic_010-060-075.wav,audio_annotator/static/guitar_synthetic_010-060-075.wav,0,1,1,0,1,0,1,0,0,1,0,1,1,0,1,0,1,0,delayed and rich
247,guitar_electronic_013-060-025.wav,audio_annotator/static/guitar_electronic_013-060-025.wav,1,0,0,1,1,2,2,1,0,1,0,1,1,2,0,1,2,1,"very short, percussive, mechanical,swelling,"
248,guitar_acoustic_019-060-025.wav,audio_annotator/static/guitar_acoustic_019-060-025.wav,0,0,0,0,0,0,0,0,0,0,0,0,0,0,0,0,0,0,
249,guitar_acoustic_004-060-050.wav,audio_annotator/static/guitar_acoustic_004-060-050.wav,0,0,0,0,0,0,0,0,0,0,0,0,0,0,0,0,0,0,
250,guitar_electronic_034-060-075.wav,audio_annotator/static/guitar_electronic_034-060-075.wav,0,1,0,0,0,0,0,0,0,1,0,0,0,0,0,0,0,1,
251,guitar_electronic_016-060-075.wav,audio_annotator/static/guitar_electronic_016-060-075.wav,0,0,0,0,0,0,0,0,0,0,0,0,0,0,0,0,0,0,
252,guitar_electronic_031-060-127.wav,audio_annotator/static/guitar_electronic_031-060-127.wav,0,0,0,0,0,0,0,0,0,0,0,0,0,0,0,0,0,0,
253,guitar_electronic_035-060-127.wav,audio_annotator/static/guitar_electronic_035-060-127.wav,0,0,0,0,0,0,0,0,0,0,0,0,0,0,0,0,0,0,
254,guitar_synthetic_011-060-075.wav,audio_annotator/static/guitar_synthetic_011-060-075.wav,1,0,0,0,0,0,1,0,1,0,0,0,0,0,1,0,0,0,
255,guitar_electronic_035-060-025.wav,audio_annotator/static/guitar_electronic_035-060-025.wav,0,0,0,0,0,0,0,0,0,0,0,0,0,0,0,0,0,0,
256,guitar_acoustic_013-060-100.wav,audio_annotator/static/guitar_acoustic_013-060-100.wav,1,1,0,0,0,2,0,0,0,1,1,0,0,1,0,1,0,2,",,"
257,guitar_electronic_028-060-127.wav,audio_annotator/static/guitar_electronic_028-060-127.wav,0,0,0,0,0,0,0,0,0,0,0,0,0,0,0,0,0,0,
258,guitar_acoustic_019-060-100.wav,audio_annotator/static/guitar_acoustic_019-060-100.wav,0,0,0,0,0,0,0,0,0,0,0,0,0,0,0,0,0,0,
259,guitar_acoustic_030-060-075.wav,audio_annotator/static/guitar_acoustic_030-060-075.wav,0,0,0,0,0,0,1,0,0,0,0,0,0,0,1,0,0,0,","
260,guitar_acoustic_029-060-100.wav,audio_annotator/static/guitar_acoustic_029-060-100.wav,0,0,0,0,0,0,0,0,0,0,0,0,0,0,0,0,0,0,
261,guitar_electronic_044-060-025.wav,audio_annotator/static/guitar_electronic_044-060-025.wav,1,0,2,0,0,1,0,1,0,0,0,0,0,1,2,0,0,1,"penetrating, sharp, distorted,"
262,guitar_electronic_040-060-025.wav,audio_annotator/static/guitar_electronic_040-060-025.wav,0,0,0,0,0,1,0,1,0,1,0,0,0,0,1,0,1,1,",damped, plucky,"
263,guitar_acoustic_004-060-025.wav,audio_annotator/static/guitar_acoustic_004-060-025.wav,0,0,0,0,0,0,0,0,0,0,0,0,0,0,0,0,0,0,
264,guitar_electronic_045-060-050.wav,audio_annotator/static/guitar_electronic_045-060-050.wav,0,0,0,0,1,0,1,0,1,0,0,0,0,0,0,0,0,0,",distorted"
265,guitar_acoustic_014-060-127.wav,audio_annotator/static/guitar_acoustic_014-060-127.wav,0,0,0,0,0,0,0,0,0,0,0,0,1,0,0,0,0,1,",acoustic"
266,guitar_acoustic_004-060-075.wav,audio_annotator/static/guitar_acoustic_004-060-075.wav,1,0,1,0,1,0,0,1,0,1,0,1,0,0,1,0,0,0,","
267,guitar_synthetic_007-060-100.wav,audio_annotator/static/guitar_synthetic_007-060-100.wav,0,0,0,0,1,0,0,1,0,0,0,0,0,0,1,0,0,0,",percussive"
268,guitar_electronic_043-060-050.wav,audio_annotator/static/guitar_electronic_043-060-050.wav,1,1,0,0,1,0,1,1,0,1,0,0,1,0,1,0,1,0,",wavery, reverbing"
269,guitar_acoustic_033-060-127.wav,audio_annotator/static/guitar_acoustic_033-060-127.wav,0,0,0,0,1,0,0,0,1,0,1,0,1,0,0,0,1,0,","
270,guitar_electronic_036-060-127.wav,audio_annotator/static/guitar_electronic_036-060-127.wav,1,0,1,0,1,0,0,1,1,0,0,0,0,0,1,0,0,1,
271,guitar_electronic_030-060-050.wav,audio_annotator/static/guitar_electronic_030-060-050.wav,0,1,0,1,0,0,1,1,0,1,0,0,0,0,0,0,1,0,",,"
272,guitar_acoustic_035-060-025.wav,audio_annotator/static/guitar_acoustic_035-060-025.wav,0,0,0,0,0,0,0,0,0,0,0,0,0,0,0,0,0,0,
273,guitar_electronic_016-060-100.wav,audio_annotator/static/guitar_electronic_016-060-100.wav,0,0,0,0,0,0,0,0,0,0,0,0,0,0,0,0,0,0,
274,guitar_synthetic_010-060-100.wav,audio_annotator/static/guitar_synthetic_010-060-100.wav,0,0,0,0,0,0,0,0,0,0,1,0,0,0,0,0,1,0,","
275,guitar_synthetic_010-060-050.wav,audio_annotator/static/guitar_synthetic_010-060-050.wav,1,0,1,0,0,1,0,1,1,0,0,0,0,1,1,0,0,0,","
276,guitar_acoustic_028-060-100.wav,audio_annotator/static/guitar_acoustic_028-060-100.wav,1,0,1,0,0,0,0,0,0,0,0,0,1,0,1,0,0,0,","
277,guitar_acoustic_023-060-100.wav,audio_annotator/static/guitar_acoustic_023-060-100.wav,0,0,0,0,0,0,0,0,0,0,0,0,0,0,0,0,0,0,
278,guitar_synthetic_003-060-100.wav,audio_annotator/static/guitar_synthetic_003-060-100.wav,0,0,1,0,0,0,1,0,0,1,0,1,0,0,2,0,0,0,",,"
279,guitar_acoustic_002-060-050.wav,audio_annotator/static/guitar_acoustic_002-060-050.wav,0,0,0,0,0,0,0,0,0,0,0,0,0,0,0,0,0,0,
280,guitar_electronic_044-060-127.wav,audio_annotator/static/guitar_electronic_044-060-127.wav,0,0,1,0,0,0,0,1,0,0,0,0,0,0,1,0,0,0,
281,guitar_acoustic_032-060-025.wav,audio_annotator/static/guitar_acoustic_032-060-025.wav,1,0,1,0,0,0,0,1,0,0,0,0,0,0,1,0,0,0,","
282,guitar_electronic_000-060-100.wav,audio_annotator/static/guitar_electronic_000-060-100.wav,1,0,0,1,1,0,1,0,1,0,0,1,1,0,0,1,1,0,ringing
283,guitar_synthetic_011-060-100.wav,audio_annotator/static/guitar_synthetic_011-060-100.wav,0,0,0,0,0,0,0,0,0,0,0,0,0,0,0,0,0,0,
284,guitar_synthetic_000-060-050.wav,audio_annotator/static/guitar_synthetic_000-060-050.wav,0,0,0,0,0,0,0,0,0,0,0,0,0,0,0,0,0,0,
285,guitar_acoustic_001-060-025.wav,audio_annotator/static/guitar_acoustic_001-060-025.wav,1,0,0,1,1,0,0,0,1,0,0,1,1,0,0,0,0,0,","
286,guitar_synthetic_012-060-025.wav,audio_annotator/static/guitar_synthetic_012-060-025.wav,0,0,0,0,0,0,0,0,1,0,1,0,1,0,0,0,0,0,","
287,guitar_electronic_001-060-100.wav,audio_annotator/static/guitar_electronic_001-060-100.wav,1,0,1,0,1,0,1,0,0,1,0,1,1,0,1,0,1,0,soft and bright
288,guitar_electronic_007-060-050.wav,audio_annotator/static/guitar_electronic_007-060-050.wav,1,1,1,0,1,0,2,0,0,1,0,1,1,0,1,0,1,0,
289,guitar_electronic_035-060-100.wav,audio_annotator/static/guitar_electronic_035-060-100.wav,1,1,1,0,1,0,2,0,2,1,1,1,2,0,1,0,2,0,","
290,guitar_electronic_036-060-075.wav,audio_annotator/static/guitar_electronic_036-060-075.wav,0,1,0,1,0,0,0,2,0,1,0,0,1,1,2,0,0,0,",,"
291,guitar_synthetic_007-060-075.wav,audio_annotator/static/guitar_synthetic_007-060-075.wav,0,0,0,0,0,0,0,0,0,0,0,0,0,0,0,0,0,0,
292,guitar_electronic_005-060-025.wav,audio_annotator/static/guitar_electronic_005-060-025.wav,0,0,0,0,0,0,0,0,0,0,0,0,0,0,0,0,0,0,
293,guitar_electronic_027-060-050.wav,audio_annotator/static/guitar_electronic_027-060-050.wav,2,0,1,0,0,1,0,0,0,0,0,0,0,2,2,0,0,2,",wailing,wailing"
294,guitar_electronic_040-060-100.wav,audio_annotator/static/guitar_electronic_040-060-100.wav,0,0,0,0,0,0,0,0,0,0,0,0,0,0,0,0,0,0,
295,guitar_synthetic_001-060-075.wav,audio_annotator/static/guitar_synthetic_001-060-075.wav,0,0,0,0,1,0,1,0,0,0,0,0,1,0,0,1,1,0,","
296,guitar_acoustic_024-060-100.wav,audio_annotator/static/guitar_acoustic_024-060-100.wav,1,0,0,1,1,0,0,0,0,0,0,0,0,1,0,1,1,0,ghostly trail
297,guitar_electronic_038-060-100.wav,audio_annotator/static/guitar_electronic_038-060-100.wav,0,0,0,0,0,0,0,0,0,0,0,0,0,0,0,0,0,0,
298,guitar_synthetic_011-060-025.wav,audio_annotator/static/guitar_synthetic_011-060-025.wav,0,1,0,0,1,0,1,0,0,1,0,1,1,0,0,0,1,0,",muted, dark"
299,guitar_electronic_025-060-075.wav,audio_annotator/static/guitar_electronic_025-060-075.wav,0,0,0,0,0,1,0,1,0,1,0,0,0,1,0,0,0,1,","
300,guitar_electronic_017-060-050.wav,audio_annotator/static/guitar_electronic_017-060-050.wav,0,0,0,0,0,0,0,0,0,0,0,0,0,0,0,0,0,0,
301,guitar_electronic_044-060-075.wav,audio_annotator/static/guitar_electronic_044-060-075.wav,1,0,1,0,0,1,0,1,0,1,0,1,0,1,1,0,0,1,",distorted, overdrive"
302,guitar_electronic_015-060-100.wav,audio_annotator/static/guitar_electronic_015-060-100.wav,0,0,0,0,0,0,0,0,0,0,0,0,0,0,0,0,0,0,
303,guitar_electronic_036-060-100.wav,audio_annotator/static/guitar_electronic_036-060-100.wav,1,0,1,0,1,0,0,0,1,0,0,0,0,0,1,0,0,0,",buzzy, resonant, wavery"
304,guitar_electronic_037-060-127.wav,audio_annotator/static/guitar_electronic_037-060-127.wav,1,0,1,0,0,1,0,1,0,0,0,0,1,0,1,0,0,1,","
305,guitar_acoustic_023-060-127.wav,audio_annotator/static/guitar_acoustic_023-060-127.wav,0,1,2,0,0,2,0,2,0,2,0,2,0,2,1,1,0,2,distorted and dark
306,guitar_acoustic_034-060-050.wav,audio_annotator/static/guitar_acoustic_034-060-050.wav,1,0,0,1,1,0,1,0,1,0,1,0,2,0,0,1,1,0,"glassy, muffled, thump,"
307,guitar_electronic_017-060-100.wav,audio_annotator/static/guitar_electronic_017-060-100.wav,0,0,0,0,0,0,0,0,0,0,0,0,0,0,0,0,0,0,
308,guitar_electronic_033-060-075.wav,audio_annotator/static/guitar_electronic_033-060-075.wav,0,0,0,0,0,0,0,0,0,0,0,0,0,0,0,0,0,0,
309,guitar_electronic_009-060-075.wav,audio_annotator/static/guitar_electronic_009-060-075.wav,0,0,0,0,0,0,0,0,0,0,0,0,0,0,0,0,0,0,
310,guitar_acoustic_009-060-127.wav,audio_annotator/static/guitar_acoustic_009-060-127.wav,0,0,0,0,1,0,1,0,1,0,1,0,1,0,0,1,1,0,",(suggest cutting the last 5 seconds)"
311,guitar_electronic_003-060-127.wav,audio_annotator/static/guitar_electronic_003-060-127.wav,0,0,0,0,0,0,1,1,0,1,0,0,1,1,0,0,0,1,","
312,guitar_acoustic_035-060-100.wav,audio_annotator/static/guitar_acoustic_035-060-100.wav,1,0,1,0,0,0,0,0,0,0,0,1,0,0,1,0,0,0,
313,guitar_acoustic_012-060-025.wav,audio_annotator/static/guitar_acoustic_012-060-025.wav,0,0,0,0,0,0,0,0,0,0,0,0,0,0,0,0,0,0,
314,guitar_electronic_004-060-100.wav,audio_annotator/static/guitar_electronic_004-060-100.wav,0,0,0,0,0,0,0,0,0,0,0,0,0,0,0,0,0,0,
315,guitar_acoustic_023-060-075.wav,audio_annotator/static/guitar_acoustic_023-060-075.wav,1,0,1,0,0,1,0,2,0,0,0,0,0,1,1,0,0,0,
316,guitar_electronic_022-060-127.wav,audio_annotator/static/guitar_electronic_022-060-127.wav,1,0,0,0,0,1,1,0,0,1,0,1,0,1,1,0,0,1,Distorted and fuzzy
317,guitar_acoustic_000-060-050.wav,audio_annotator/static/guitar_acoustic_000-060-050.wav,0,1,0,0,1,0,1,0,1,0,0,0,1,0,0,0,0,0,",velvety"
318,guitar_acoustic_028-060-050.wav,audio_annotator/static/guitar_acoustic_028-060-050.wav,1,1,1,0,1,0,2,0,1,0,0,0,1,0,1,0,1,1,","
319,guitar_acoustic_021-060-075.wav,audio_annotator/static/guitar_acoustic_021-060-075.wav,1,0,0,0,0,0,0,1,0,0,0,0,1,0,1,0,0,0,
320,guitar_synthetic_004-060-100.wav,audio_annotator/static/guitar_synthetic_004-060-100.wav,0,0,0,0,0,0,0,0,0,0,0,0,0,0,0,0,0,0,
321,guitar_acoustic_021-060-050.wav,audio_annotator/static/guitar_acoustic_021-060-050.wav,1,0,0,0,0,0,0,1,0,1,0,0,1,0,1,0,0,0,","
322,guitar_electronic_002-060-127.wav,audio_annotator/static/guitar_electronic_002-060-127.wav,0,0,0,0,0,0,0,0,0,0,0,0,0,0,0,0,0,0,
323,guitar_electronic_030-060-075.wav,audio_annotator/static/guitar_electronic_030-060-075.wav,0,0,0,0,0,1,0,1,0,0,0,0,0,0,0,0,0,0,","
324,guitar_synthetic_005-060-127.wav,audio_annotator/static/guitar_synthetic_005-060-127.wav,0,0,0,0,0,0,0,0,0,0,0,0,0,0,0,0,0,0,
325,guitar_electronic_005-060-075.wav,audio_annotator/static/guitar_electronic_005-060-075.wav,0,0,0,0,0,0,0,0,0,0,0,0,0,0,0,0,0,0,
326,guitar_acoustic_011-060-025.wav,audio_annotator/static/guitar_acoustic_011-060-025.wav,1,0,1,0,1,0,1,0,1,0,0,0,1,0,0,0,0,0,",nylon-like"
327,guitar_electronic_029-060-025.wav,audio_annotator/static/guitar_electronic_029-060-025.wav,0,0,0,0,0,0,0,0,0,0,0,0,0,0,0,0,0,0,
328,guitar_synthetic_009-060-100.wav,audio_annotator/static/guitar_synthetic_009-060-100.wav,2,0,1,1,0,2,1,1,1,1,1,0,0,2,1,0,1,1,"Muddy,distorted, lead"
329,guitar_synthetic_007-060-127.wav,audio_annotator/static/guitar_synthetic_007-060-127.wav,0,0,0,0,0,0,0,0,0,0,0,0,0,0,0,0,0,0,
330,guitar_electronic_010-060-075.wav,audio_annotator/static/guitar_electronic_010-060-075.wav,0,0,0,0,0,0,0,0,0,0,0,0,0,0,0,0,0,0,
331,guitar_acoustic_008-060-050.wav,audio_annotator/static/guitar_acoustic_008-060-050.wav,0,0,2,0,2,0,2,0,0,0,0,0,2,0,2,0,2,0,",,"
332,guitar_acoustic_024-060-075.wav,audio_annotator/static/guitar_acoustic_024-060-075.wav,1,0,1,0,0,0,0,0,0,1,1,0,0,1,1,0,0,0,",(this sample might need to be rejected due to its bounciness)"
333,guitar_electronic_022-060-075.wav,audio_annotator/static/guitar_electronic_022-060-075.wav,0,0,0,0,0,0,1,0,0,0,0,0,0,0,1,0,0,0,","
334,guitar_synthetic_006-060-100.wav,audio_annotator/static/guitar_synthetic_006-060-100.wav,0,0,0,0,0,0,0,0,0,0,0,0,0,0,0,0,0,0,
335,guitar_electronic_043-060-127.wav,audio_annotator/static/guitar_electronic_043-060-127.wav,0,0,0,0,0,0,0,0,0,0,0,0,0,0,0,0,0,0,
336,guitar_electronic_023-060-075.wav,audio_annotator/static/guitar_electronic_023-060-075.wav,0,0,0,0,0,0,0,0,0,0,0,0,0,0,0,0,0,0,
337,guitar_electronic_018-060-050.wav,audio_annotator/static/guitar_electronic_018-060-050.wav,0,0,0,0,0,0,0,0,0,0,0,0,0,0,0,0,0,0,
338,guitar_acoustic_011-060-050.wav,audio_annotator/static/guitar_acoustic_011-060-050.wav,1,0,0,1,0,0,0,0,0,0,1,0,0,0,0,1,0,1,","
339,guitar_electronic_002-060-075.wav,audio_annotator/static/guitar_electronic_002-060-075.wav,0,0,0,0,0,0,0,0,0,0,0,0,0,0,0,0,0,0,
340,guitar_electronic_014-060-050.wav,audio_annotator/static/guitar_electronic_014-060-050.wav,0,0,0,0,0,0,0,0,0,0,0,0,0,0,0,0,0,0,
341,guitar_electronic_033-060-100.wav,audio_annotator/static/guitar_electronic_033-060-100.wav,3,0,1,0,1,1,1,2,1,1,0,1,1,2,3,0,0,1,",,,,"
342,guitar_acoustic_004-060-100.wav,audio_annotator/static/guitar_acoustic_004-060-100.wav,2,0,3,0,0,1,0,2,1,1,1,1,1,1,3,0,0,2,",harsh, sitar-like, twangy,"
343,guitar_electronic_001-060-075.wav,audio_annotator/static/guitar_electronic_001-060-075.wav,0,0,0,0,0,0,0,0,0,0,0,0,0,0,0,0,0,0,
344,guitar_acoustic_024-060-127.wav,audio_annotator/static/guitar_acoustic_024-060-127.wav,0,0,0,0,0,0,0,0,0,0,0,0,0,0,0,0,0,0,
345,guitar_acoustic_013-060-127.wav,audio_annotator/static/guitar_acoustic_013-060-127.wav,0,0,0,0,0,1,0,1,0,1,0,0,0,1,0,0,0,1,","
346,guitar_acoustic_003-060-100.wav,audio_annotator/static/guitar_acoustic_003-060-100.wav,0,1,0,1,0,2,0,2,0,2,0,0,0,1,0,0,0,1,
347,guitar_acoustic_022-060-025.wav,audio_annotator/static/guitar_acoustic_022-060-025.wav,0,0,0,0,0,0,0,0,0,0,0,0,0,0,0,0,0,0,
348,guitar_electronic_009-060-050.wav,audio_annotator/static/guitar_electronic_009-060-050.wav,1,1,0,0,0,3,0,2,1,1,0,0,0,2,0,0,0,1,","
349,guitar_acoustic_017-060-075.wav,audio_annotator/static/guitar_acoustic_017-060-075.wav,1,0,1,0,1,0,1,0,0,0,1,0,1,0,1,0,1,0,","
350,guitar_electronic_035-060-050.wav,audio_annotator/static/guitar_electronic_035-060-050.wav,0,0,0,0,0,0,0,0,0,0,0,0,0,0,0,0,0,0,
351,guitar_electronic_013-060-050.wav,audio_annotator/static/guitar_electronic_013-060-050.wav,1,1,1,0,1,1,1,0,0,1,0,1,1,1,1,0,1,0,"Thick,nasal"
352,guitar_electronic_023-060-025.wav,audio_annotator/static/guitar_electronic_023-060-025.wav,0,0,0,0,0,0,0,0,0,0,0,0,0,0,0,0,0,0,
353,guitar_acoustic_029-060-075.wav,audio_annotator/static/guitar_acoustic_029-060-075.wav,0,0,0,0,0,0,0,0,0,0,0,0,0,0,0,0,0,0,
354,guitar_electronic_001-060-050.wav,audio_annotator/static/guitar_electronic_001-060-050.wav,0,0,1,1,1,1,2,0,0,1,1,1,0,1,1,0,2,0,"Distorted,pulsating"
355,guitar_acoustic_007-060-075.wav,audio_annotator/static/guitar_acoustic_007-060-075.wav,0,0,0,0,0,0,1,0,1,0,0,0,0,0,0,0,1,0,","
356,guitar_electronic_034-060-100.wav,audio_annotator/static/guitar_electronic_034-060-100.wav,0,0,0,0,0,0,0,0,0,0,0,0,0,0,0,0,0,0,
357,guitar_electronic_033-060-050.wav,audio_annotator/static/guitar_electronic_033-060-050.wav,0,0,0,0,0,0,0,0,0,0,0,0,0,0,0,0,0,0,
358,guitar_synthetic_000-060-127.wav,audio_annotator/static/guitar_synthetic_000-060-127.wav,0,0,0,0,0,0,0,1,0,0,1,0,0,0,0,0,0,0,","
359,guitar_synthetic_004-060-075.wav,audio_annotator/static/guitar_synthetic_004-060-075.wav,1,1,1,0,0,0,0,0,0,0,0,0,1,0,1,0,1,0,",tinny"
360,guitar_electronic_037-060-075.wav,audio_annotator/static/guitar_electronic_037-060-075.wav,1,0,1,0,0,0,0,0,0,0,0,0,0,0,1,0,0,0,","
361,guitar_synthetic_006-060-050.wav,audio_annotator/static/guitar_synthetic_006-060-050.wav,1,0,0,0,0,1,0,1,1,0,0,0,0,1,1,0,0,1,",wailing"
362,guitar_electronic_011-060-075.wav,audio_annotator/static/guitar_electronic_011-060-075.wav,0,0,0,0,0,0,0,0,0,0,0,0,0,0,0,0,0,0,
363,guitar_acoustic_016-060-050.wav,audio_annotator/static/guitar_acoustic_016-060-050.wav,0,0,0,0,0,0,0,0,0,0,0,0,0,0,0,0,0,0,
364,guitar_synthetic_012-060-050.wav,audio_annotator/static/guitar_synthetic_012-060-050.wav,0,0,0,0,0,0,0,0,0,0,0,0,0,0,0,0,0,0,
365,guitar_acoustic_008-060-025.wav,audio_annotator/static/guitar_acoustic_008-060-025.wav,0,0,0,0,0,0,0,0,0,0,0,0,0,0,0,0,0,0,
366,guitar_synthetic_003-060-025.wav,audio_annotator/static/guitar_synthetic_003-060-025.wav,0,0,0,0,0,0,0,0,0,0,0,0,0,0,0,0,0,0,
367,guitar_electronic_037-060-100.wav,audio_annotator/static/guitar_electronic_037-060-100.wav,1,0,0,0,0,0,0,1,0,0,0,0,0,0,1,0,0,0,","
368,guitar_electronic_034-060-050.wav,audio_annotator/static/guitar_electronic_034-060-050.wav,1,0,0,0,0,0,0,1,1,0,1,0,1,0,1,0,1,0,stringy
369,guitar_acoustic_019-060-075.wav,audio_annotator/static/guitar_acoustic_019-060-075.wav,0,0,0,0,0,0,0,0,0,0,0,0,0,0,0,0,0,0,
370,guitar_synthetic_007-060-025.wav,audio_annotator/static/guitar_synthetic_007-060-025.wav,0,0,0,0,0,1,0,1,0,1,0,0,0,1,0,0,0,0,
371,guitar_electronic_011-060-050.wav,audio_annotator/static/guitar_electronic_011-060-050.wav,0,0,0,0,0,1,0,0,0,1,0,0,0,1,0,0,0,0,
372,guitar_synthetic_004-060-050.wav,audio_annotator/static/guitar_synthetic_004-060-050.wav,0,0,0,0,0,0,0,0,1,0,1,0,1,0,0,0,1,0,","
373,guitar_acoustic_022-060-127.wav,audio_annotator/static/guitar_acoustic_022-060-127.wav,0,0,0,0,0,0,0,0,0,0,0,0,0,0,0,0,0,0,
374,guitar_electronic_042-060-127.wav,audio_annotator/static/guitar_electronic_042-060-127.wav,0,0,0,1,0,0,0,1,0,1,0,0,0,1,1,0,0,1,","
375,guitar_electronic_008-060-025.wav,audio_annotator/static/guitar_electronic_008-060-025.wav,0,2,1,0,0,2,0,0,0,2,0,2,0,2,1,0,0,2,",percussive, grumbling,short, percussive"
376,guitar_electronic_027-060-100.wav,audio_annotator/static/guitar_electronic_027-060-100.wav,0,0,0,0,0,0,0,0,0,0,0,0,0,0,0,0,0,0,
377,guitar_synthetic_008-060-025.wav,audio_annotator/static/guitar_synthetic_008-060-025.wav,0,0,0,0,0,0,0,0,0,0,0,0,0,0,0,0,0,0,
378,guitar_electronic_000-060-075.wav,audio_annotator/static/guitar_electronic_000-060-075.wav,0,0,0,0,0,0,0,0,0,0,0,0,0,0,0,0,0,0,
379,guitar_acoustic_008-060-100.wav,audio_annotator/static/guitar_acoustic_008-060-100.wav,0,0,0,0,0,0,1,0,1,0,0,0,1,0,0,0,1,0,","
380,guitar_acoustic_023-060-050.wav,audio_annotator/static/guitar_acoustic_023-060-050.wav,0,0,1,0,0,2,0,0,0,2,0,0,0,2,1,0,1,0,"short, plucky, only attack, percussive,,"
381,guitar_acoustic_010-060-025.wav,audio_annotator/static/guitar_acoustic_010-060-025.wav,0,0,1,0,0,0,0,0,0,0,0,1,0,0,1,0,0,0,","
382,guitar_electronic_020-060-100.wav,audio_annotator/static/guitar_electronic_020-060-100.wav,3,0,1,0,1,1,0,2,2,0,1,0,0,2,3,0,0,1,"distorted,"
383,guitar_electronic_046-060-127.wav,audio_annotator/static/guitar_electronic_046-060-127.wav,0,0,0,0,0,0,0,0,0,0,0,0,0,0,0,0,0,0,
384,guitar_electronic_024-060-075.wav,audio_annotator/static/guitar_electronic_024-060-075.wav,0,0,1,0,0,1,1,0,0,1,0,1,0,1,1,0,0,1,Warm 
385,guitar_acoustic_015-060-050.wav,audio_annotator/static/guitar_acoustic_015-060-050.wav,1,0,1,0,1,0,0,1,0,0,0,0,0,1,1,0,0,1,"weird, mechanical,plucky"
386,guitar_acoustic_015-060-100.wav,audio_annotator/static/guitar_acoustic_015-060-100.wav,0,0,0,0,0,0,0,0,0,0,0,0,0,0,0,0,0,0,
387,guitar_electronic_032-060-075.wav,audio_annotator/static/guitar_electronic_032-060-075.wav,1,1,0,1,1,1,0,1,0,1,2,0,0,2,0,1,0,1,"gated delay and synthesized,"
388,guitar_electronic_038-060-075.wav,audio_annotator/static/guitar_electronic_038-060-075.wav,0,0,0,0,0,0,0,0,0,0,0,0,0,0,0,0,0,0,
389,guitar_electronic_005-060-100.wav,audio_annotator/static/guitar_electronic_005-060-100.wav,0,0,0,0,0,0,0,0,0,0,0,0,0,0,0,0,0,0,
390,guitar_electronic_016-060-127.wav,audio_annotator/static/guitar_electronic_016-060-127.wav,0,0,0,0,0,0,0,0,0,0,0,0,0,0,0,0,0,0,
391,guitar_electronic_031-060-050.wav,audio_annotator/static/guitar_electronic_031-060-050.wav,1,0,0,1,1,0,0,1,0,1,1,0,0,0,0,1,0,0,"round, wavery, distancing"
392,guitar_electronic_010-060-127.wav,audio_annotator/static/guitar_electronic_010-060-127.wav,0,0,1,0,0,0,0,1,0,0,0,0,0,0,0,0,0,0,",,classic, crisp"
393,guitar_electronic_028-060-100.wav,audio_annotator/static/guitar_electronic_028-060-100.wav,0,0,0,0,0,0,0,0,0,0,0,0,0,0,0,0,0,0,
394,guitar_acoustic_009-060-100.wav,audio_annotator/static/guitar_acoustic_009-060-100.wav,0,0,0,0,0,0,0,0,0,0,0,0,0,0,0,0,0,0,
395,guitar_acoustic_031-060-050.wav,audio_annotator/static/guitar_acoustic_031-060-050.wav,0,0,0,0,0,0,0,0,0,0,0,0,0,0,0,0,0,0,
396,guitar_electronic_026-060-127.wav,audio_annotator/static/guitar_electronic_026-060-127.wav,0,1,0,0,0,1,0,0,0,1,0,0,0,1,0,0,0,0,","
397,guitar_acoustic_032-060-075.wav,audio_annotator/static/guitar_acoustic_032-060-075.wav,0,0,0,0,0,0,0,0,0,0,0,0,0,0,0,0,0,0,
398,guitar_acoustic_014-060-100.wav,audio_annotator/static/guitar_acoustic_014-060-100.wav,1,0,0,0,0,0,0,0,1,0,1,0,1,0,0,0,0,0,","
399,guitar_acoustic_005-060-025.wav,audio_annotator/static/guitar_acoustic_005-060-025.wav,0,1,0,0,1,0,0,0,0,1,0,0,1,1,0,0,1,0,","
400,guitar_electronic_008-060-050.wav,audio_annotator/static/guitar_electronic_008-060-050.wav,0,0,0,0,0,0,0,0,0,0,0,0,0,0,0,0,0,0,
401,guitar_acoustic_026-060-050.wav,audio_annotator/static/guitar_acoustic_026-060-050.wav,0,0,0,0,0,0,0,0,0,0,0,0,0,0,0,0,0,0,
402,guitar_acoustic_027-060-127.wav,audio_annotator/static/guitar_acoustic_027-060-127.wav,0,0,0,0,0,0,0,0,0,0,0,0,0,0,0,0,0,0,
403,guitar_electronic_011-060-127.wav,audio_annotator/static/guitar_electronic_011-060-127.wav,0,0,1,0,0,0,0,1,2,0,0,0,1,0,0,0,0,0,
404,guitar_electronic_013-060-100.wav,audio_annotator/static/guitar_electronic_013-060-100.wav,0,0,0,0,0,0,0,0,0,0,0,0,0,0,0,0,0,0,
405,guitar_acoustic_010-060-127.wav,audio_annotator/static/guitar_acoustic_010-060-127.wav,0,0,0,0,0,0,0,0,0,0,0,0,0,0,0,0,0,0,
406,guitar_acoustic_032-060-100.wav,audio_annotator/static/guitar_acoustic_032-060-100.wav,0,0,0,0,0,0,0,0,0,0,0,0,0,0,0,0,0,0,
407,guitar_acoustic_007-060-100.wav,audio_annotator/static/guitar_acoustic_007-060-100.wav,1,0,0,0,0,0,0,1,0,0,0,0,1,0,1,0,0,1,","
408,guitar_electronic_023-060-127.wav,audio_annotator/static/guitar_electronic_023-060-127.wav,0,0,0,0,0,1,0,0,0,1,0,0,0,0,1,0,0,1,","
409,guitar_electronic_021-060-075.wav,audio_annotator/static/guitar_electronic_021-060-075.wav,1,0,0,0,1,0,1,0,1,0,0,0,0,0,0,0,0,0,dull
410,guitar_synthetic_005-060-075.wav,audio_annotator/static/guitar_synthetic_005-060-075.wav,1,0,0,1,0,0,0,1,1,0,1,0,1,0,0,1,0,0,
411,guitar_acoustic_025-060-075.wav,audio_annotator/static/guitar_acoustic_025-060-075.wav,0,0,0,0,0,0,0,0,0,0,0,0,0,0,0,0,0,0,
412,guitar_electronic_002-060-100.wav,audio_annotator/static/guitar_electronic_002-060-100.wav,1,0,1,0,0,0,0,1,0,0,0,0,0,1,1,0,0,1,",penetrating, sharp, distorted, buzzy"
413,guitar_electronic_015-060-127.wav,audio_annotator/static/guitar_electronic_015-060-127.wav,0,0,0,0,0,0,0,0,0,0,0,0,0,0,0,0,0,0,
414,guitar_electronic_006-060-100.wav,audio_annotator/static/guitar_electronic_006-060-100.wav,0,0,0,0,0,0,0,0,0,0,0,0,0,0,0,0,0,0,
415,guitar_electronic_025-060-025.wav,audio_annotator/static/guitar_electronic_025-060-025.wav,1,1,0,1,0,0,0,0,0,2,0,1,0,2,0,1,0,1,"wavery, ringing"
416,guitar_acoustic_004-060-127.wav,audio_annotator/static/guitar_acoustic_004-060-127.wav,0,0,0,0,0,0,0,0,0,0,0,0,0,0,0,0,0,0,
417,guitar_acoustic_019-060-050.wav,audio_annotator/static/guitar_acoustic_019-060-050.wav,0,0,0,0,0,0,0,0,0,0,0,0,0,0,0,0,0,0,
418,guitar_acoustic_016-060-025.wav,audio_annotator/static/guitar_acoustic_016-060-025.wav,0,0,1,0,0,0,0,0,0,0,0,0,0,0,1,0,0,0,","
419,guitar_electronic_008-060-100.wav,audio_annotator/static/guitar_electronic_008-060-100.wav,1,0,0,0,0,1,1,0,0,0,0,1,1,0,0,0,0,1,","
420,guitar_electronic_013-060-075.wav,audio_annotator/static/guitar_electronic_013-060-075.wav,0,0,0,0,0,0,0,0,0,0,0,0,0,0,0,0,0,0,
421,guitar_acoustic_025-060-127.wav,audio_annotator/static/guitar_acoustic_025-060-127.wav,0,0,0,0,0,0,0,1,0,0,0,0,0,1,0,0,0,1,","
422,guitar_electronic_021-060-127.wav,audio_annotator/static/guitar_electronic_021-060-127.wav,0,0,0,0,0,0,0,1,0,0,1,0,0,0,0,0,0,0,
423,guitar_electronic_044-060-100.wav,audio_annotator/static/guitar_electronic_044-060-100.wav,0,0,0,0,0,0,0,0,0,0,0,0,0,0,0,0,0,0,
424,guitar_acoustic_020-060-100.wav,audio_annotator/static/guitar_acoustic_020-060-100.wav,0,0,0,0,0,0,0,0,0,0,0,0,0,0,0,0,0,0,
425,guitar_acoustic_020-060-127.wav,audio_annotator/static/guitar_acoustic_020-060-127.wav,0,0,0,0,0,0,0,0,0,0,0,0,0,0,0,0,1,0,","
426,guitar_synthetic_010-060-127.wav,audio_annotator/static/guitar_synthetic_010-060-127.wav,0,0,0,0,0,0,0,0,0,0,0,0,0,0,0,0,0,0,
427,guitar_acoustic_027-060-075.wav,audio_annotator/static/guitar_acoustic_027-060-075.wav,0,0,0,0,0,0,0,0,1,0,0,0,1,0,0,0,1,0,","
428,guitar_electronic_018-060-025.wav,audio_annotator/static/guitar_electronic_018-060-025.wav,0,1,0,1,1,0,0,0,0,1,1,0,0,1,0,1,1,0,Hollow 
429,guitar_electronic_010-060-025.wav,audio_annotator/static/guitar_electronic_010-060-025.wav,0,0,0,0,0,0,0,0,0,0,0,0,0,0,0,0,0,0,
430,guitar_electronic_014-060-025.wav,audio_annotator/static/guitar_electronic_014-060-025.wav,0,0,0,1,0,1,0,0,0,1,0,0,0,1,0,0,0,1,","
431,guitar_acoustic_013-060-075.wav,audio_annotator/static/guitar_acoustic_013-060-075.wav,0,0,0,0,0,0,0,0,0,0,0,0,0,0,0,0,0,0,
432,guitar_acoustic_012-060-127.wav,audio_annotator/static/guitar_acoustic_012-060-127.wav,0,1,0,1,0,0,0,0,0,0,0,0,0,1,0,0,1,0,","
433,guitar_acoustic_026-060-100.wav,audio_annotator/static/guitar_acoustic_026-060-100.wav,1,0,0,0,0,0,0,1,1,0,1,0,1,0,0,1,0,0,percussive
434,guitar_acoustic_029-060-025.wav,audio_annotator/static/guitar_acoustic_029-060-025.wav,0,1,0,0,0,0,0,0,0,0,1,0,0,0,0,1,1,0,short
435,guitar_acoustic_022-060-075.wav,audio_annotator/static/guitar_acoustic_022-060-075.wav,0,0,0,0,1,0,0,0,0,0,0,0,1,0,0,0,0,1,",hammered, cembalo-like"
436,guitar_electronic_035-060-075.wav,audio_annotator/static/guitar_electronic_035-060-075.wav,1,0,1,0,0,0,0,1,0,1,0,0,0,0,0,0,0,0,","
437,guitar_electronic_019-060-050.wav,audio_annotator/static/guitar_electronic_019-060-050.wav,1,0,1,0,0,1,1,0,0,1,0,1,0,1,1,0,0,1,Noisy
438,guitar_synthetic_011-060-127.wav,audio_annotator/static/guitar_synthetic_011-060-127.wav,1,1,2,2,3,1,3,1,0,2,0,5,2,1,1,1,2,1,"howling, distorted,,muted, woody,,"
439,guitar_acoustic_021-060-100.wav,audio_annotator/static/guitar_acoustic_021-060-100.wav,0,0,0,0,0,0,1,0,0,0,0,0,1,0,0,0,1,0,","
440,guitar_acoustic_035-060-050.wav,audio_annotator/static/guitar_acoustic_035-060-050.wav,0,0,0,0,0,1,0,1,0,1,0,0,0,1,1,0,0,1,","
441,guitar_acoustic_007-060-127.wav,audio_annotator/static/guitar_acoustic_007-060-127.wav,1,1,0,2,3,0,2,1,3,0,0,1,3,0,0,1,1,1,"plucky,wavery, alien,wavery, twangy"
442,guitar_electronic_033-060-025.wav,audio_annotator/static/guitar_electronic_033-060-025.wav,1,0,0,1,0,1,0,1,1,0,1,0,1,0,0,1,0,1,","
443,guitar_electronic_007-060-075.wav,audio_annotator/static/guitar_electronic_007-060-075.wav,0,0,0,0,0,0,0,0,0,0,1,0,0,0,0,1,1,0,",twangy"
444,guitar_acoustic_003-060-127.wav,audio_annotator/static/guitar_acoustic_003-060-127.wav,0,0,0,0,0,0,0,0,0,0,0,0,0,0,0,0,0,0,
445,guitar_electronic_019-060-075.wav,audio_annotator/static/guitar_electronic_019-060-075.wav,1,0,2,0,0,0,0,0,0,0,0,2,0,0,2,0,0,1,",distorted, saturated,"
446,guitar_electronic_015-060-075.wav,audio_annotator/static/guitar_electronic_015-060-075.wav,0,0,0,0,0,0,0,0,0,0,0,0,0,0,0,0,0,0,
447,guitar_synthetic_011-060-050.wav,audio_annotator/static/guitar_synthetic_011-060-050.wav,0,1,0,0,1,0,1,0,1,0,0,0,0,0,0,1,0,0,",dull"
448,guitar_synthetic_000-060-100.wav,audio_annotator/static/guitar_synthetic_000-060-100.wav,1,0,0,0,2,0,1,0,2,0,1,0,2,0,1,0,1,0,",,gentle"
449,guitar_acoustic_030-060-025.wav,audio_annotator/static/guitar_acoustic_030-060-025.wav,0,0,0,0,0,0,0,0,0,0,0,0,0,0,0,0,0,0,
450,guitar_acoustic_022-060-100.wav,audio_annotator/static/guitar_acoustic_022-060-100.wav,0,2,0,1,0,0,0,2,0,0,0,0,1,0,0,0,1,0,","
451,guitar_electronic_019-060-025.wav,audio_annotator/static/guitar_electronic_019-060-025.wav,1,0,1,0,0,2,0,1,0,1,1,0,0,2,2,0,0,2,"sharp, wavery"
452,guitar_acoustic_015-060-025.wav,audio_annotator/static/guitar_acoustic_015-060-025.wav,1,1,1,0,0,1,0,2,1,1,2,0,1,1,0,0,1,1,
453,guitar_electronic_009-060-127.wav,audio_annotator/static/guitar_electronic_009-060-127.wav,0,0,0,0,0,0,0,0,0,0,0,0,0,0,0,0,0,0,
454,guitar_acoustic_021-060-025.wav,audio_annotator/static/guitar_acoustic_021-060-025.wav,0,1,0,0,1,1,1,0,1,0,1,0,1,0,0,1,0,0,",dry"
455,guitar_acoustic_001-060-100.wav,audio_annotator/static/guitar_acoustic_001-060-100.wav,1,0,1,0,1,0,0,0,1,0,0,0,0,0,0,0,0,1,",twangy"
456,guitar_electronic_025-060-127.wav,audio_annotator/static/guitar_electronic_025-060-127.wav,0,1,0,0,0,0,1,0,1,0,0,1,0,0,0,0,1,0,noisy attack
457,guitar_synthetic_001-060-025.wav,audio_annotator/static/guitar_synthetic_001-060-025.wav,0,0,0,0,0,0,0,0,0,0,0,0,0,0,0,0,0,0,
458,guitar_electronic_016-060-025.wav,audio_annotator/static/guitar_electronic_016-060-025.wav,0,1,0,1,1,0,1,0,0,1,1,0,1,0,0,1,1,0,Fast decay and thin
459,guitar_acoustic_033-060-100.wav,audio_annotator/static/guitar_acoustic_033-060-100.wav,0,0,0,0,0,0,0,0,0,0,0,0,0,0,0,0,0,0,
460,guitar_electronic_027-060-075.wav,audio_annotator/static/guitar_electronic_027-060-075.wav,0,0,0,0,0,0,0,0,0,0,0,0,0,0,0,0,0,0,
461,guitar_electronic_042-060-075.wav,audio_annotator/static/guitar_electronic_042-060-075.wav,0,0,0,0,0,0,0,0,0,0,0,0,0,0,0,0,0,0,
462,guitar_electronic_030-060-127.wav,audio_annotator/static/guitar_electronic_030-060-127.wav,0,0,0,0,0,0,0,0,0,0,0,0,0,0,0,0,0,0,
463,guitar_acoustic_017-060-025.wav,audio_annotator/static/guitar_acoustic_017-060-025.wav,0,1,0,1,0,0,1,0,0,0,0,1,0,1,0,1,0,0,wavery
464,guitar_acoustic_006-060-050.wav,audio_annotator/static/guitar_acoustic_006-060-050.wav,0,0,0,0,0,0,0,0,0,0,0,0,0,0,0,0,0,0,
